CQN	CHNC
ái ngại	愛懝
âm ấm	𤋾𤋾
ấm áp	𤋾押
ăn năn	咹𡅧
anh ánh	映映
áy náy	曖𢖱
bạc bẽo	薄殍
bạc nhạc	薄樂
bàn bạc	𠴞博
bận bịu	絆褓
bần thần	𢠈神
bâng khuâng	氷傾
bảng lảng	榜𨅉
bảnh bao	炳包
bảo ban	𠸒頒
bập bẹ	潗𠹯
bấp bênh	乏𦛼
bập bềnh	潗泙
bắt bớ	扒𡃓
bát ngát	八𬳜
bây bẩy	㔥㔥
bầy hầy	𠍣係
bẽ bàng	𢜢㥬
be bét	𠾦𥇂
bề bộn	皮坌
bé bỏng	𡮣𤊡
bệ vệ	陛衛
bền bỉ	𥾽比
bẽn lẽn	惼𢤠
bềnh bồng	泙捧
béo bở	脿𠴙
bèo nhèo	䕯蕘
bép xép	𠰏㴙
bết bát	𡌀潑
bì bà bì bõm	皮婆皮渀
bĩ bàng	俖㥬
bì bõm	皮渀
bịn rịn	𠯴湅
bịt bùng	莂熢
bỏ bê	𠬃𠶎
bỡ ngỡ	𠳝𢣸
bơ phờ	巴𤷵
bơ vơ	巴噅
bối rối	𦁀𦇒
bỏm bẻm	呠𠷨
bờm xờm	𣭛𬇁
bộn bề	坌皮
bôn chôn	奔墫
bồn chồn	盆𤶐
bóng bảy	𣈖㔥
bong bóng	琫琫
bông lông	葻𣯡
bộp chộp	𠶙摯
bú dù	咘怞
bừa bãi	耚𡓁
bực bội	愊背
bực dọc	愊𨂔
bụi bặm	𡏧𠹰
bùi ngùi	裴𠿯
bùi nhùi	裴𤈞
bủn rủn	㤓噋
bụng nhụng	䏾𰮐
bung xung	𨮇衝
bươm bướm	𧊉𧊉
bướng bỉnh	嗙秉
bứt rứt	伓𢲼
cà rá	咖筥
cầm cập	忣忣
cặm cụi	扲𢷴
cằn nhằn	𣝀㧢
canh cánh	耿耿
cặp kè	笈𥰇
cau có	皐固
cáu kỉnh	㤧𠎠
càu nhàu	𧧷𦈂
chắc chắn	𢡠𥗜
chắc mẩm	𢡠𢠧
chăm chắm	枕枕
chầm chậm	踸踸
chậm chạp	踸臘
chăm chỉ	𢟙只
chần chừ	㖘𪡷
chan chứa	滇貯
chán chường	𢥇悜
chằng chịt	𦁢㑜
chạng vạng	𣈚暀
chập choạng	𤌀𤈛
chập chờn	𥊝𥌬
chập chùng	縶重
chập chững	𥊝𨀧
chặt chẽ	𬘋䊼
chật chội	𡒻𠱤
chật vật	𡒻𢪱
chạy chọt	𧼋𢬮
che chở	𩂏𨔾
chễm chệ	沾治
chen chúc	𢫔𨃷
chệnh choạng	整𫏈
chênh vênh	佂儝
cheo leo	㹦蹽
chết chóc	𣩂𠺷
chì chiết	鈘折
chiều chuộng	朝𡮶
chim chóc	𪀄𠺷
chín chắn	𤇪𥗜
chới với	𤈪貝
chôm chỉa	撍𢶾
chơm chởm	𡹟𡹟
chon von	嶟𡻖
chờn vờn	𥌬溳
chòng chành	泈湩
chống chế	𢶢制
chông chênh	蔠佂
chòng chọc	擉擉
chong chong	炵炵
chong chóng	𫏢𫏢
chồng ngồng	𫯳茙
chót vót	㟮𡻋
chứa chan	貯滇
chúm chím	𠶍呫
chũm choẹ	𥬧𲇥
chùn chụt	𠶯𠶯
chững chạc	𨀧擢
chưng hửng	烝𬋙
cò kè	瞿𥰇
cộc cằn	侷𣝀
cộc lốc	侷椂
côi cút	𠎺𠬒
còm cõi	膁𡎝
cồm cộm	𥖜𥖜
cỏn con	𡥵𡥵
còng cọc	𣌶𣌶
còng cọc	梮梮
cồng kềnh	𨫋倞
cót két	嗗咭
cọt kẹt	噘搩
cũ càng	𫇰𪨈
cụ cựa	具距
của cải	𧵑𣒵
cúm núm	𤻎埝
cứng cáp	勁哈
cứng cỏi	勁𢜽
cưng cứng	勁勁
cuồn cuộn	淃淃
cuống cà kê	㤮咖計
cuống cuồng	㤮狂
da dẻ	䏧𦘺
da diết	㤎悊
dã dượi	沲洟
dai dẳng	𦂄養
dại dột	𠻇𣔻
dầm dề	淫湜
dần dà	𢴍𧹟
dân dấn	𢪉𢪉
dan díu	𢺤𢬢
dằn dỗi	𠇁𢢊
dằng dặc	𫐟𫐟
đằng đẵng	滕滕
dang dở	扛𡁎
dập dềnh	𡏽溋
đắp điếm	㙮店
dập dìu	𡏽𢭼
dắt díu	𢴑𢬢
đắt đỏ	𮙻𧹻
đau đáu	𤴬𤴬
đầy đặn	𣹓憚
dậy dàng	𧻭揚
đày đọa	𢰥墮
dây dưa	絏荼
dễ dãi	易𣹘
dễ dàng	易揚
dè dặt	𠽮迭
đẹp đẽ	惵悌
đều đặn	調憚
dí dỏm	哩𠼖
diêm dúa	焰臾
dính dáng	䊅𠍵
dịu dàng	𪶋揚
dìu dặt	𢭼迭
dìu dịu	𪶋𪶋
đồ đạc	𣘊度
dớ dẩn	𠽐慬
đờ đẫn	咜癉
đỡ đần	扡𢠤󠄁
dở dang	𡁎扛
dỗ dành	誘𧶄
đo đỏ	𧹻𧹻
dồi dào	𣼭𤁠
đom đóm	炶炶
đôm đốp	沓沓
dồn dập	拵𡏽
don dỏn	吮吮
dôn dốt	詘詘
dõng dạc	𢘭𢖺
đông đặc	凍特
dông dài	搈𨱽
dong dỏng	𦡦𦡦
dư dả	餘也
dụ dỗ	誘誘
du dương	悠揚
đúng đắn	倲捵
dùng dằng	𨀍𨀊
đủng đỉnh	𨆟䟓
dửng dưng	𢘩𠮨
ế ẩm	曀𤀔
e dè	㥋𠽮
éc éc	噁噁
ém dẹm	掩𠇦
ém nhẹm	掩𠇦
eo éo	𢰳𢰳
èo èo	㕭㕭
èo ẽo	㕭㕭
eo sèo	㕭𡁼
gạ gẫm	𠶄𡄎
gai góc	荄𧣳
gầm ghè	㖗㙋
gắm ghé	𧃃𥇚
gầm gừ	㖗㖵
gàn gàn	𢢈𢢈
gần gận	近近
gan góc	肝𧣳
gần gũi	近𨗥
gần gụi	近𨗥
gạn gùng	𢭬𡃕
gân guốc	筋槶
gắng gổ	𠡚古
gắng gượng	𠡚強
gánh gồng	挭𭡅
gấp gáp	急𢰽
gặp gỡ	﨤攑
gật gà gật gù	𩠓𪃿𩠓𠵎
gật gà gật gưỡng	𩠓𪃿𩠓仰
gạt gẫm	詰𡄎
gắt gao	噶𪡱
gắt gỏng	噶嗊
gật gù	𩠓𠵎
gật gưỡng	𩠓仰
gau gáu	噑噑
gay gắt	垓噶
gây gấy	𰟅𰟅
gay go	垓𦁣
gây gổ	𨠳古
gầy gò	𤷍𡍢
gầy guộc	𤷍𤶹
già giặn	𫅷忍
giặc giã	賊偖
giãi giề	𤐃支
giậm giật	𨁹𪮞
giấm giúi	𥋶搥
giần giật	𪮞𪮞
giằn giọc	𢴟𬴭
giằn giỗi	𠇁𢢊
giàn giụa	𣼼㗎
giáo giở	𥋽𠭤
giặt giũ	𣾹𱡃
giặt gỵa	𣾹洩
giấu giếm	𢭳掂
giãy giụa	䟢㗎
giây giướng	𦀊仗
gièm giẹp	揲揲
giéo giắt	𠰉㗭
giẹo giọ	佋住
gìn giữ	𢷹𡨺
giờ giấc	𣇞𥋏
giở giói	捛𢷮
giối già	讄𫅷
giối giăng	讄𦝄
giỏi giang	𠐞江
giòn giã	伅偖
gion giỏn	吮吮
giôn giốt	詘詘
gióng giả	𪢊㨋
giông giống	𥞖𥞖
giữ giàng	𡨺江
giữ gìn	𡨺𢷹
giu giú	𢭳𢭳
giục giã	𠽖偖
giục giặc	𠽖賊
giúi giụi	搥𢵌
gỡ gạc	攑㓢
gò gẫm	𡍢𡄎
gồ ghề	𥕥𥗎
gốc gác	㭲閣
gói gắm	襘𧃃
gởi gắm	寄𧃃
gờm gờm	𢢬𢢬
gớm guốc	𡃍槶
gọn gàng	袞抗
gọn ghẽ	袞技
gòn gọn	袞袞
gờn gợn	𰜠𰜠
gọn lỏn	袞𫐮
gọn thon lỏn	袞𠴘𫐮
góp nhóp	𢵰叺
gục gặc	𩠧𩠓
gửi gắm	寄𧃃
gùn gút	縎縎
gườm gườm	睒睒
gượng gạo	強檤
gường gượng	強強
hả hê	嘑𭌟
há hốc	𠹛嘝
hâm hấp	熻熻
hẩm hiu	𥼲㳜
ham hố	𫻎唬
hăm hở	𢣇𢠇
hằn học	恨學
hăng hái	㤚𢲨
háo hức	好洫
hấp tấp	吸漝
hắt hiu	𫤾㳜
hất hủi	迄癐
hắt hủi	𫤾癐
hể hả	𠯋嘑
hề hấn	𢭁釁
he hé	𢬾𢬾
hếch hoác	侅嚯
hẹn hò	𭉑㗅
héo hắt	𤉗𫤾
heo hút	囂唿
hí hoáy	咥渨
hở hang	汻𡎟
hớ hênh	𤾟亨
hơ hớ	𤾟𤾟
hồ hởi	胡憘
hờ hững	噓𠾿
hoạ hoằn	和唍
hoa hoè	花𠺌
hoa hoét	花𠲣
hoài hoài	懷懷
hoang hoác	荒嚯
hoang toàng	荒䢨
hoạnh hoẹ	橫𠽡
hộc hà hộc hệch	斛何斛劾
hốc hác	嘝壑
hốc hếch	嘝侅
hộc hệch	斛劾
hộc tốc	斛速
hối hả	誨嘑
hôi hám	洃㦑
hôi hổi	𤍃𤍃
hoi hóp	脄𨸚
hời hợt	𢝷愒
hom hem	𩩿嫌
hóm hỉnh	憾擤
hợm hĩnh	唅𠲮
hom hỏm	陷陷
hổn ha hổn hển	混哬混顯
hỗn hào	溷豪
hổn hển	混顯
hớn hở	𢠦𢠇
hon hỏn	𠮬𠮬
hơn hớn	𢠦𢠦
hờn hợt	愒愒
hống hách	吼赫
hồng hào	紅豪
hổng hểnh	𠸣啈
hồng hộc	斛斛
hong hóng	𥈰𥈰
hớt hải	㓭海
hớt hơ hớt hải	㓭𤏤㓭海
hư hèn	墟𢤞
hú hí	吁咥
hú hoạ	吁和
hục hặc	𡄆嘿
huếch hoác	擴嚯
huênh hoang	𠇟荒
hum húp	噏噏
húng hắng	哅响
hững hờ	𠾿噓
hừng hực	𬋙𤍋
hưng hửng	𬋙𬋙
húp híp	噏䀫
im ỉm	唵唵
im lìm	唵𠿳
im lịm	唵殮
ỉu xìu	夭𱡁
ỉu xịu	夭𱡁
kề cà	倛㧝
kể lể	計𣠲
ké né	𦵗迡
kè nhè	𥰇洏
kém cạnh	歉競
kém cỏi	歉𢜽
kèm nhèm	兼𣲹
kèn cựa	𥱲距
ken két	摼咭
kềnh càng	倞𪨈
kềnh kệnh	傹傹
kèo cò	撟瞿
kèo kẹo	撟撟
kẽo kẹt	嘺𠹳
kèo nèo	撟𱒡
kha khá	可可
khá khen	可𠸦
khắc khoải	刻挂
khặc khừ	咯啹
khách khứa	客佉
khăm khắm	㘛㘛
khăn khẳn	𡁵𡁵
khẩn khoản	懇款
khấn khứa	懇佉
khang khác	恪恪
khang kháng	肮肮
khang khảng	肮肮
khẳng kheo	肯𩨼
khăng khít	𠻞𢝛
khẳng khiu	肯𠰋
khạng nạng	𣡤
khao khát	犒渴
khấp kha khấp khểnh	伋柯伋俓
khập khà khập khiễng	𨂖𠀪𨂖𨁍
khấp khểnh	伋俓
khập khiễng	𨂖𨁍
khấp khởi	伋起
khát khao	渴滈
khắt khe	𰸑蹊
khất khứa	乞佉
kháu khỉnh	蔻𠾶
khề khà	𠀫𠀪
khe khắt	蹊𰸑
khe khẽ	溪𡃊
khè khè	契契
khệ nệ	憩泥
khệnh khạng	/td>
kheo khéo	𫩟𫩟
kheo khư	𩨼呿
khéo léo	𫩟嘹
khép nép	𢬱㨥
khét lẹt	𤋸哷
khin khít	𢝛𢝛
khìn khịt	喫喫
khinh khỉnh	𠾶𠾶
khít khao	𢝛犒
khít khịt	𢝛喫
khó khăn	𠸋𫩒
khờ khạo	𤵕叩
khò khè	𠺟契
khờ khĩnh	𤵕頃
kho khó	𠸋𠸋
khò khò	𠺟𠺟
khô khốc	枯酷
khô không khốc	枯空酷
khoăm khoăm	欽欽
khoảnh khoái	頃快
khóc lóc	哭𠯿
khỏe khoắn	劸寬
khoe khoang	誇𧧯
khòm khòm	謙謙
khôn khéo	坤𫩟
khù khờ	傴𤵕
khù khụ	傴傴
khuây khoả	𢚹𬈎
khúc kha khúc khích	曲柯曲隙
khúc khích	曲隙
khúc khuỷu	曲𣎣
khuếch khoác	擴𢸠
khúm núm	𨆃埝
khủng khỉnh	𠺱𠾶
khụt khịt	嗗喫
khuya khoắt	𣌉屈
kĩ càng	技𪨈
ki cóp	𭊫秴
kì kèo	掎撟
kìn kìn	虔虔
kìn kịt	桀桀
kình kịch	劇劇
kĩu cà kĩu kịt	礄咖礄桀
kĩu kịt	礄桀
la cà	邏咖
là lạ	𨓐𨓐
la liếm	囉𦧷
la lối	囉𡓃
là lượt	羅𦀎
lắc lư	扐攎
lai láng	𢯦㫰
lai nhai	𢯦啀
lài nhài	𢯦啀
lai rai	𢯦𡃄
lẩm bẩm	𡀫稟
lẫm chẫm	𨈇𧿒
làm lẽ	𫜵𨤰
lăm le	惏𠻗
làm lơ	𫜵𢣻
làm loạn	𫜵亂
làm lụng	𫜵弄
lam nham	襤岩
làm nhàm	𫜵啱
lấm tấm	壈𥺑
lan man	攔漫
lang bang	𨄂邦
lang lảng	踉踉
lẳng lặng	㥄𣼽
lặng lẽ	𣼽𨤰
lang lổ	𫉱瀂
làng nhàng	廊瓖
lăng nhăng	掕𠲕
lằng nhằng	㖫嚷
lang thang	𨄂湯
lảng vảng	𨅉往
lành canh	令更
lanh chanh	伶橙
lành lặn	令𣵰
lanh lảnh	𪽏𪽏
lành lạnh	冷冷
lanh lẹ	伶厲
lanh lẹn	伶練
lạnh lẽo	冷𠖭
lanh lợi	伶俐
lành mạnh	令猛
lanh tranh	伶爭
lành tranh	令爭
lao nhao	嘮堯
lào rào	嘮樔
lào xào	嘮𡁞
lạo xạo	澇䛒
láp nháp	啦𡊠
lạt lẽo	𤁕𠖭
làu bàu	恅垉
lâu la	𱍿羅
lau láu	嗍嗍
lau nhau	撈僥
lay lắt	摛搮
lay láy	𠸨𠸨
lay nhay	摛捱
le lói	𠻗𤑭
lẻ loi	𥛭𩁦
le te	𠻗呞
lẻ tẻ	𥛭粃
lê thê	𠠍淒
lem lém	蘝蘝
lem lẻm	𡄥𡄥
lém lỉnh	蘝𰈼
lem luốc	濂溽
lem nhem	濂濂
len lén	𨇍𨇍
len lét	𥉬𥉬
len lỏi	蹥𨇒
leng beng	鈴鋲
leng keng	鈴鏗
leo kheo	蹽𩨼
leo lẻo	𣱾𣱾
leo lét	蹽𥉬
leo nheo	蹽䁱
leo teo	蹽悄
lẹo tẹo	瞭俏
leo trèo	蹽𨅹
lệt sệt	咧𣻂
li bì	離皮
li la li lô	漓囉漓盧
li ti	釐絲
lia lịa	攡攡
liếm láp	𦧷啦
liến láu	嗹嗍
liểng xiểng	冷䇸
liếp nhiếp	䉭攝
liều liệu	料料
liều lĩnh	憭領
liêu xiêu	遼嘌
lim dim	𥋲𥇌
lính quýnh	𪜯𢷳
lít nhít	𡊻𱎰
lò cò	爐𪂲
lo lắng	𢥈𢠯
lố lăng	𠐔𠲕
lờ lợ	𠐳𠐳
lơ tơ mơ	𢣻媤𢠩
loạc choạc	𠯿𠺷
loai nhoai	類𬿕
loăn xoăn	彎𩭵
loáng choáng	灤𤶜
loảng choảng	𬂆鏯
loạng choạng	𨃹𫏈
loang lổ	𰺽瀂
loang loáng	𤈛𤈛
loang loãng	𰺽𣿅
loằng ngoằng	啷弘
loăng quăng	浪挄
loáng thoáng	灤洸
loang toàng	𰺽䢨
loàng xoàng	𠌇侊
loảng xoảng	𬂆鏯
loanh quanh	𨗺𨒺
loắt choắt	傈㑁
loạt xoạt	唰咄
loay hoay	摞揋
lốc chốc	祿𡎺
loe loét	傫𤷯
loe toe	傫䏴
loi choi	𩁦椎
lỗi liếc	纇𥆁
loi ngoi	𩁦𢶼
loi nhoi	𩁦𥊖
lõm bõm	𡔑渀
lộm cộm	礷𥖜
lom khom	𦡶𢐎
lổm ngổm	覽嚴
lờm xờm	㘕𬇁
lớn lao	𡘯嘮
lổn nhổn	侖𫣑
lon ton	㖮噂
lon xon	㖮㖺
lòng khòng	挵𢪬
lỏng khỏng	挵𢪬
long lanh	儱伶
lóng lánh	𬊊𪸝
lộng lẫy	𣼰𡅏
long lỏng	𣿅𣿅
lồng lộng	𣼰𣼰
long nhong	儱銊
lòng thòng	挵𦄷
long tong	儱淙
lớp lang	笠郎
lớt phớt	𣼷咈
lu bù	瞜補
lừ khừ	𡃖啹
lủ khủ lù khù	婁苦瀘傴
lu loa	罏𠼱
lừ thừ	𡃖𤶠
lử thử lử thừ	㾔此㾔𤶠
lù xù	瀘𣭃
lừa lọc	𬐸漉
luấn quấn	綸𦄄
luẩn quẩn	踚𨆤
lụi cụi	𥟹𢷴
lụi hụi	𥟹會
lui lủi	𨇒𨇒
lủi thủi	𨇒蹆
lum khum	𦡶𢐎
lủn chủn	侖准
lủn củn	侖𠽓
lủn mủn	侖𫃐
lụn vụn	論僎
lung bung	𭟬𨮇
lừng chừng	淩澄
lững chững	𠻴𨀧
lủng củng	竉栱
lừng khừng	淩𰜀
lủng lẳng	竉㥄
lung lay	𭟬摛
lừng lẫy	淩𡅏
lung linh	瓏玲
lững lờ	𠻴𢣻
lửng lơ	𠻴𢣻
lụng nhụng	弄𰮐
lụng thụng	弄𬗝
lững thững	𠻴賞
lung tung	𭟬縱
lúng túng	𢤲慫
luôm nhuôm	濫𠰃
luộm thuộm	懢愖
lươn lẹo	𧐖瞭
lượn lờ	𫅤𢣻
luồn lỏi	掄𣢹
luồn lọt	掄𢯰
luống cuống	隴㤮
luông tuồng	㳥㗰
lụp xụp	㡴䉅
lụt lội	𣼧洡
ma mãnh	魔𫙍
mắc míu	縸廟
mắc mớ	縸𧜗
mắc mớp	縸𧦟
mách mao	𠼽毛
mai mái	𠃅𠃅
mải mê	𬏽迷
mai mỉa	埋𠸍
mài miệt	𥕄蔑
mải miết	𬏽篾
mẫm mạp	𦟣𦚖
mâm mê	鎫迷
mặn mà	𪉽𣻕
man mác	漫莫
mằn mặn	𪉽𪉽
man mát	𠖾𠖾
mân mê	抿迷
mân mó	抿𢺀
mang máng	𠴏𠴏
mang mẻ	𫼳渼
mắng mỏ	𠻵㖼
mảnh khảnh	𤗖𠾶
mảnh mai	𤗖枚
mạnh mẽ	猛瑪
manh mún	𥯋悶
mập mạp	𦚖䏜
mấp máy	𠸾𢵯
mấp mé	𠸾𠩕
mấp mô	𠸾塻
mập mờ	眨𥊚
mất mát	𠅒𠖾
mặt mày	𩈘𣮮
mát mẻ	𠖾渼
mặt mũi	𩈘𪖫
mau mắn	𣭻慜
máu mặt	𧖱𩈘
máu me	𧖱楣
máu mê	𧖱迷
màu mè	𦭷𫃎
màu mẽ	𦭷瑪
màu mỡ	𦭷𦝺
mẫu mực	㑄墨
may mắn	𠶣慜
mảy may	𡮳𠶣
mày mò	𣮮摸
máy móc	𣛠𢪮
mê mải	迷𬏽
mê mẩn	迷𢠨
mê mệt	迷𤻻
mê muội	迷昧
mềm mại	繌賣
mềm môi	繌腜
men mét	衊衊
méo mặt	𠰭𩈘
méo mó	𠰭𢺀
mẹo mực	𮘃墨
mếu máo	𠴕𠰭
mỉa mai	𠸍枚
miên man	綿蠻
miệt mài	蔑𥕄
mịn màng	絻芒
mình mẩy	𨉟𨊋
mịt mờ	𩆪𥊚
mịt mùng	𩆪幪
mơ hồ	𢠩糊
mò mẫm	摸𦟣
mơ màng	𢠩恾
mỡ màng	𦝺芒
mở mang	𢲫𫼳
mó máy	𢺀𢵯
mờ mịt	𥊚𩆪
mơ mòng	𢠩恾
mộc mạc	木漠
móc máy	𢪮𢵯
mối manh	䋦萌
mới mẻ	㵋渼
moi móc	挴𢪮
mời mọc	𫬱𠚐
móm mém	𠻦𠹰
mon men	𬦢󠄁䟨
mòn mỏi	𤷱痗
mơn mởn	蔓蔓
mơn trớn	𢺳磌
mong manh	懞𥯋
móng mánh	𤔻𬔽
mỏng manh	𤘁𥯋
mỏng mảnh	𤘁𤗖
mông mênh	濛溟
mỏng mẻo	𤘁卯
mộng mị	夢寐
mông mốc	霂霂
mong mỏi	懞𪬶
mong mỏng	𤘁𤘁
mòng mọng	𭲿𭲿
móp mép	漞𠵐
mũ mấn	𢃱緍
mùa màng	𬁒芒
múa may	𢱖𦁼
múa máy	𢱖𢵯
múa mép	𢱖𠵐
mưa móc	𩄎雬
mưa sầm sập	𩄎𭰪𭰪
mùi mẽ	苿瑪
múm mím	𠵘𠲶
mũm mĩm	𦟣俛
mủm mỉm	𠵘𠲶
mum múp	䏎䏎
mười mươi	𱑕𱑕
muộn mằn	悶慢
muộn màng	晚芒
mượt mà	沫𣻕
múp míp	䏎㕨
mưu mô	謀謨
na ná	那哪
nắc nẻ	匿𦕗
nặc nô	喏奴
nắc nỏm	匿唸
nài nỉ	奈𪡇
nầm nập	汭汭
nấn ná	赧哪
năn nỉ	𡅧𪡇
nằn nì	𡅧𪡇
nắn nót	𠼶訥
nằng nặc	㑷喏
nặng nề	𥘀𪿗
nâng niu	㨢𱠴
năng nổ	𠹌砮
nắng nôi	𣌝𣊌
nanh nọc	𤘓蝳
não nà	惱㑚
não nề	惱怩
náo nức	鬧𱕔
nao núng	㝹𨆞
não nùng	惱憹
não nuột	惱𱟄
nạt nộ	㖏怒
nẫu nà	𤊲㑚
nâu non	𣘽嫩
nể nang	𢘝囊
nề nếp	𡋂䌰
nem nép	㨥㨥
nền nếp	𡋂䌰
nên nỗi	𢧚餒
nết na	𢟗那
ngả ngốn	㧴𠽓
ngả ngớn	㧴𢞆
ngã ngũ	𨁟五
ngả vạ	㧴禍
ngắc nga ngắc ngứ	𥔲哦𥔲語
ngắc ngoải	𥔲迯
ngắc ngứ	𥔲語
ngai ngái	皚𠊎
ngài ngại	懝懝
ngại ngần	懝垠
ngái ngủ	𠊎𥄬
ngại ngùng	懝㥥
ngam ngám	儑儑
ngấm ngầm	澿砛
ngầm ngấm	砛澿
ngầm ngập	汲汲
ngẫm nghĩ	𡄎擬
ngấm ngoảy	澿𭡏
ngâm ngợi	吟𠿿
ngậm ngùi	唅𠿯
ngấm nguýt	澿𥊜
ngân nga	銀哦
ngần ngại	垠懝
ngán ngẩm	𩜽儼
ngan ngán	𩜽𩜽
ngăn ngắn	𠦯𠦯
ngấn ngọc	痕玉
ngần ngừ	垠𣊘
ngắn ngủi	𠦯哎
ngắn ngủn	𠦯𠽓
ngang ngạnh	昂硬
ngẳng nghiu	肯𠰋
ngang ngửa	卬𡂂
ngành ngọn	梗𦰟
ngao ngán	嗷𩜽
ngào ngạt	𢳆𠿸
ngạo nghễ	傲𢣂
ngập ngà ngập ngừng	汲玡汲凝
ngấp nghé	𥄫𥇚
ngáp ngủ	哈𥄬
ngập ngụa	汲湡
ngập ngừng	汲凝
ngất nga ngất nghểu	𡴯哦𡴯嶢
ngất nga ngất ngưởng	𡴯哦𡴯崞
ngạt ngào	𠿸𢳆
ngặt nghẽo	扢撓
ngặt nghẹo	扢撓
ngất nghểu	𡴯嶢
ngặt ngòi	扢𤀖
ngặt ngõng	扢拱
ngất ngưởng	𡴯崞
ngau ngáu	噑噑
ngâu ngấu	噑噑
ngấu nghiến	𣿃哯
ngầy ngà	𠵌玡
ngay ngắn	𬆄𠦯
ngây ngất	𤷙𤴥
ngay ngáy	𠵨𠵨
ngây ngấy	𰟅𰟅
ngây ngô	𤷙悞
nghé nghẹ	犠𤈝
nghề ngỗng	藝嗊
nghếch ngác	𥉥愕
nghệch ngạc	𪭄愕
nghẹn ngào	喭𢳆
nghễnh ngãng	迎昂
nghèo ngặt	隢扢
nghêu ngao	嘵嗷
nghễu nghện	𥪯喭
nghí ngoáy	𠵌𨀑
nghĩ ngợi	擬𠿿
nghi ngút	霓𩂁
nghịch ngợm	逆𤼔
nghiền ngẫm	研𡄎
nghiện ngập	𢞆汲
nghiến ngấu	哯𣿃
nghiệt ngã	孽𨁟
nghiệt ngõng	孽拱
nghìn nghịt	𠑦𠑦
ngơ ngác	𢠐愕
ngỡ ngàng	𢣸𠵫
ngổ ngáo	忤獓
ngô nghê	悞倪
ngờ nghệch	㘈𪭄
ngộ nghĩnh	唔頸
ngồ ngộ	唔唔
ngờ ngợ	㘈㘈
ngó ngoáy	𥄭𨀑
ngọ ngoạy	午𠰻
ngo ngoe	𢫸㧪
ngọ nguậy	午𠰻
ngoa ngoắt	訛𭨦
ngoa ngoét	訛㳉
ngoạch ngoạc	㨯擭
ngoam ngoáp	𠲺𠲺
ngoằn ngà ngoằn ngoèo	蚖玡蚖蟯
ngoan ngoãn	𠺿𠺿
ngoằn ngoèo	蚖蟯
ngoang ngoảng	𱒌𱒌
ngoắt ngoéo	𭨦僥
ngoặt ngoẹo	𣌴蹺
ngoay ngoảy	𭡏𭡏
ngốc nga ngốc nghếch	呆哦呆𥉥
ngốc nghếch	呆𥉥
ngộc nghệch	𣔣𪭄
ngoe ngoé	蛫蛫
ngoe nguẩy	㧪𭡏
ngoem ngoém	㘙㘙
ngoen ngoẻn	𠰂𠰂
ngoi ngóp	𢶼𠲺
ngồi rồi	𱖗耒
ngồm ngoàm	岩含
ngơm ngớp	𥆹𥆹
ngổn ngang	滾卬
ngốn ngấu	𠽓𣿃
ngôn ngổn	滾滾
ngồn ngộn	𬢞𬢞
ngon ngót	㐳㐳
ngon ngọt	𤯆𤮾
ngòn ngọt	𤮾𤮾
ngơn ngớt	𠯪𠯪
ngông nghênh	顒迎
ngọng nghịu	𡅑憢
ngòng ngoèo	隅蟯
ngong ngóng	𥍎𥍎
ngồng ngồng	茙茙
ngọt gắt	𤮾噶
ngọt ngào	𤮾𢳆
ngột ngạt	𠮾𠿸
ngủ nghê	𥄬倪
ngú ngớ	哦𠽐
ngù ngờ	𬗙㘈
ngứa ngáy	𤻭𠵨
ngựa nghẽo	馭撓
nguây nguẩy	𭡏𭡏
ngúc ngắc	㑋𥔲
nguếch ngoác	㨯擭
nguệch ngoạc	㨯擭
ngủn ngoẳn	𠽓𠰂
ngùn ngụt	𤈡𤈡
ngủng nghỉnh	𠺱𠾶
ngúng nguẩy	𤸒𭡏
nguôi ngoai	𢢯𠱓
nguồi nguội	𱐂𱐂
ngượng ngập	𢗾汲
ngượng nghịu	𢗾憢
ngượng ngùng	𢗾㥥
ngường ngượng	𢗾𢗾
nhã nhặn	雅𠽗
nhá nhem	𤆹濂
nhả nhớt	𠰹𣼸
nhắc nhở	𠯅𢬨
nhác nhớm	㦡啱
nhắc nhỏm	𠯅𠽦
nhai nhải	涯涯
nhãi nhép	爾囁
nham nhám	𰪯𰪯
nhấm nhẳng	𠰃𦅯
nham nháp	𡊠𡊠
nhấm nháp	𠰃𡊠
nhắm nháp	𠲏𡊠
nhầm nhật	𡍚日
nhăm nhe	惏𠻗
nhảm nhí	䚾𡭺
nham nhở	𩜠𢬨
nhan nhản	顏顏
nhân nhẩn	仞仞
nhăn nhẳn	仞仞
nhần nhận	涊涊
nhàn nhạt	溂溂
nhắn nhe	𠴍㖇
nhăn nheo	絪䁱
nhăn nhíu	絪皺
nhăn nhó	絪繻
nhăn nhở	絪𢬨
nhắn nhủ	𠴍啂
nhẵn nhụi	𣼴𣾶
nhăng nhẳng	𦅯𦅯
nhằng nhẵng	𠯹𠯹
nhâng nháo	仍𬇣
nhăng nhít	𠲕𱎰
nhắng nhít	囔𱎰
nhằng nhịt	嚷熱
nhanh nhánh	蘔蘔
nhanh nhảnh	穎穎
nhanh nhảu	𮞊遶
nhanh nhẹ	𮞊珥
nhanh nhẹn	𮞊遃
nháo nhác	𬇣㦡
nháo nhâng	𬇣仍
nháo nhào	𬇣𤄮
nhão nhạo	𤃤𠿱
nhão nhoét	𤃤𥹽
nhập nhằng	入嚷
nhấp nhánh	扖蘔
nhấp nháy	扖𥅘
nhấp nhô	扖壖
nhấp nhoáng	扖晄
nhập nhoạng	入𣋆
nhấp nhổm	扖䠨
nhặt nhạnh	抇拎
nhạt nhẽo	溂𠖭
nhau nhảu	遶遶
nhâu nhâu	饒饒
nhậu nhẹt	𠻼𪷴
nhay nhay	捱捱
nhay nháy	𥅘𥅘
nhây nhây	㖇㖇
nhây nhớt	㖇𣼸
nhảy nhót	𬦮踤
nhầy nhụa	徍濡
nhễ nhại	濔𠽬
nhẹ nhàng	珥瓖
nhè nhẹ	珥珥
nhẻ nhói	𠰚焳
nhẹ nhõm	珥恁
nhếch nhác	𭞣㦡
nhem nhẻm	呥呥
nhẻm nhèm nhem	呥𣲹濂
nhem nhép	囁囁
nhem nhuốc	濂溽
nhen nhúm	燃𢪭
nheo nhéo	嘵嘵
nheo nhẻo	𡅍𡅍
nhèo nhẹo	𠰉𠰉
nheo nhóc	䁱傉
nhếu nháo	繞𬇣
nhệu nhạo	𡃺𠿱
nhí nha nhí nhảnh	𡭺牙𡭺穎
nhí nha nhí nhoẻn	𡭺牙𡭺嘫
nhì nhằng	二嚷
nhí nhảnh	𡭺穎
nhí nhắt	𡭺𡥌
nhí nháy	𡭺𥅘
nhì nhèo	二蕘
nhi nhí	𡭺𡭺
nhí nhoẻn	𡭺嘫
nhiều nhặn	𡗉𠽗
nhìn nhõ	𥆾乳
nhinh nhỉnh	𠽒𠽒
nhịp nhàng	楪瓖
nhỏ nhắn	𡮈𠴍
nhố nhăng	𠐔𠲕
nhỡ nhàng	𢙲瓖
nhỏ nhặt	𡮈𪰇
nhỏ nhẻ	㳶𠰚
nhọ nhem	渘濂
nhỏ nhen	𡮈燃
nho nhỏ	𡮈𡮈
nhơ nhớ	𢖵𢖵
nhờ nhỡ	𠾒𠾒
nhờ nhợ	𱒥𱒥
nho nhoe	儒𠼱
nhỏ nhoi	𡮈𡃽
nhỡ nhời	𢙲𠳒
nhơ nhớp	洳𣱿
nhớ nhung	𢖵戎
nhơ nhuốc	洳溽
nhoang nhoáng	晄晄
nhoay nhoáy	迩迩
nhóc nhách	傉呃
nhọc nhằn	𤹘㧢
nhoe nhoé	嚅嚅
nhoe nhoét	𠼱𥹽
nhoè nhoẹt	𤍶𥹽
nhoen nhoẻn	嘫嘫
nhoi nhói	焳焳
nhôm nham	鈓岩
nhồm nhàm	𠰃啱
nhom nhem	𤷳濂
nhòm nhỏ	𥉰𡮈
nhơm nhở	𣷰𢬨
nhồm nhoàm	𠰃啱
nhơm nhớp	𣱿𣱿
nhớn nhác	𢙫㦡
nhộn nhàng	𠾽瓖
nhôn nhao	尊堯
nhốn nháo	𥇈𬇣
nhộn nhạo	𠾽𠿱
nhon nhen	𠾽燃
nhón nhén	蹾𨅍
nhộn nhịp	𠾽喋
nhởn nhơ	𣼹洳
nhon nhỏn	偄偄
nhôn nhốt	噎噎
nhơn nhớt	𣼸𣼸
nhờn nhợt	濼濼
nhỏng nha nhỏng nhảnh	戎牙戎穎
nhóng nhánh	𬊊𪸝
nhỏng nhảnh	戎穎
nhõng nhẽo	冗繞
nhong nhong	𬫍𬫍
nhong nhóng	𢟞𢟞
nhông nhông	𧻪𧻪
nhớp nháp	𣱿𡊠
nhóp nhép	叺囁
nhớp nhúa	𣱿濡
nhớt nhát	𣼸㦉
nhột nhạt	𦝬溂
nhớt nhợt	𣼸濼
nhu nhú	葇葇
nhừ tử	𤈟子
nhừa nhựa	𣺾𣺾
nhục nhã	辱若
nhúc nhắc	𨃽𠯅
nhúc nhích	𨃽蹢
nhức nhối	𤴵𤻫
nhuế nhóa	吶哸
nhũn nhặn	軟𠽗
nhũn nhùn	軟軟
nhún nhường	䠣讓
nhung nhăng	戎𠲕
nhùng nhằng	𨀍𨀊
nhũng nhẵng	冗𠯹
nhủng nhẳng	㕴𦅯
nhụng nhịu	𰮐皺
nhung nhúc	𨃽𨃽
nhưng nhức	𤴵𤴵
nhuốc nhơ	溽洳
nhuôm nhuôm	𠰃𠰃
nhút nhát	葖㦉
nỉ non	𪡇嫩
niềm nở	念𦬑
niềng niễng	䗿䗿
ninh ních	𡀡𡀡
nình nịch	𠺁𠺁
nịnh nọt	佞涅
nỏ nan	𬊨難
nợ nần	𧴱嫨
nỏ nang	弩囊
nở nang	𦬑囊
no nao	𩛂㝹
no nê	𩛂𩚯
nô nức	駑𱕔
nõ nường	𧀒娘
nói năng	吶𠹌
nơi nới	摕摕
nơm nớp	𢟕𢟕
nõn nà	𧀒㑚
nôn nao	𠷀㝹
nôn nóng	𠷀𤎏
non nớt	嫩涅
nõn nường	𧀒娘
nong nả	擃嗱
nồng nặc	濃喏
nồng nàn	濃難
nóng nảy	𤎏䄧
nòng nọc	蝳蝳
nông nổi	噥浽
nồng nỗng	襛襛
nóng nực	𤎏𤎐
nòng nực	檂𤎐
nu na	𱜢那
núc nác	𠴐渃
nục nạc	𰈒䑈
núc ních	𠴐𡀡
nức nở	𱕔𦬑
nực nội	𤎐內
núi non	𡶀𡽫
num núm	埝埝
núng na núng nính	𨆞那𨆞𦡲
nung nấu	燶𤍇
núng nính	𨆞𦡲
nũng nịu	㕴溺
nưng niu	㨢𱠴
nung núng	𨆞𨆞
nước nôi	渃𣊌
nuôi nấng	𩝺饢
nườm nượp	湳𣻀
nương náu	𢭗蓐
ơ hờ	㐵噓
ô rô	𦶀鱸
oác oác	嚯嚯
oằn oại	倇偎
ọc ọc	𣹙𣹙
ỏe hoẹ	唩𠽡
oe oé	噦噦
ời ời	㗒㗒
ôi thôi	喂催
om sòm	喑嚵
ồn ã	嗢啊
ơn ớn	𢞴𢞴
ông ổng	嗡嗡
óp xọp	邑執
ốt dột	乙𣔻
phá phách	破擘
pha phôi	𢯠呸
phăm phắp	𠵽𠵽
phầm phập	怫怫
phàn nàn	𡃎難
phăn phắt	𧿳𧿳
phần phật	拂拂
phần phò	份哺
phăng phắc	噗噗
phẳng phắn	塝坢
phẳng phiu	塝墂
phành phạch	𩗀𩗀
phanh phui	抨抷
phao phí	𣿖費
phấp phới	𭡚𢭿
phấp phỏng	𭡚倣
phập phồng	怫𤂧
phất phơ	拂披
phây phây	批批
phệ nệ	㭀泥
phe phẩy	派㧊
phề phệ	㭀㭀
phệ phệ	㭀㭀
phè phỡn	腓𦙀
phèn phẹt	㗶㗶
phèng phèng	嗙嗙
phều phào	漂𠴋
phì phà	淝𠶊
phí phạm	費犯
phí phạn	費奮
phì phèo	淝咆
phì phì	淝淝
phì phị	𦜀𦜀
phiên phiến	番番
phình phịch	噼噼
phinh phính	𣍪𣍪
phình phĩnh	𠶏𠶏
phỉnh phờ	𠶏𠱀
phờ phạc	𠱀卟
phôi pha	呸𢯠
phơi phới	𢭿𢭿
phơi phóng	𤇨放
phồm phàm	范凡
phôm phốp	𪾁𪾁
phớn phở	𠯘𡂄
phơn phớt	咈咈
phong phanh	風抨
phổng phao	倣𣿖
phốp pháp	𪾁法
phũ phàng	𢰺搒
phứa phựa	破破
phục phịch	服𦢟
phung phá	𢱚破
phung phí	𢱚費
phúng phính	𰇷𣍪
phưng phức	馥馥
phung phúng	𰇷𰇷
phút chốc	丿𡎺
quà cáp	𩛃哈
quá quắt	過𢯔
qua quýt	過𢵮
quạc quạc	嘓嘓
quằm quặm	𣰙𣰙
quằn quại	𠹴啩
quằn quặn	𤹓𤹓
quẩn quanh	𨆤𨒺
quần quật	𠡰𠡰
quăn queo	𩮔𨙍
quằn quẹo	𠹴𢳙
quặn quẹo	𤹓𢳙
quấn quýt	𦄄𢵮
quàng quạc	嘓嘓
quanh co	𨒺𢮩
quanh quẩn	𨒺𨆤
quanh quánh	𡃅𡃅
quanh quất	𨒺繘
quạnh quẽ	夐揆
quanh quéo	𨒺撟
quạt phành phạch	橛𩗀𩗀
quắt queo	𢯔𨙍
quắt quéo	𢯔撟
quặt quẹo	䠇𢳙
quàu quạu	㗕㗕
quày quã	𫏓𠵩
quấy quá	撌過
quấy quả	撌果
quay quắt	𢮿𢯔
quây quẩy	拐拐
què quặt	𨆠䠇
quệch quạc	㨯擭
quèn quèn	𤷄𤷄
quềnh quàng	瓊𫏈
quều quào	僑𫽿
quờ quạng	捰挄
quở quang	𠵩光
quỷ quyệt	鬼譎
ra rả	𫥨𤄷
rà rẫm	攞𢬶
rả rích	𤄷嚦
rã rời	沲𨖨
rã rượi	沲洟
rạc rài	𫄈來
rắc rối	𢳯𦇒
rạc rời	𫄈𨖨
rác rưởi	𧅫𥙪
rạch ròi	瀝𠛨
rách rưới	𧛊𢱓
rải rác	𢱛𧅫
ram ráp	撘撘
răm rắp	𫁞𫁞
rầm rập	摺摺
rậm rạp	葚𠪸
rầm rì	𠽍荑
rầm rĩ	𠽍㐶
rậm rì	葚荑
rắm rít	𫄊挒
rầm rộ	𠽍𭍆
rân rấn	𢪉𢪉
rần rần	𠻤𠻤
ran rát	𤌣𤌣
rần rật	𠻤㗚
rắn rết	𧋻𧏲
rằn ri	𢒞𠶋
rắn rỏi	𰧄磊
răng rắc	𢳯𢳯
rang rảng	朗朗
ràng rạng	𤎜𤎜
ràng rịt	𦀾𦀎
rạng rỡ	𤎜𠒦
ranh mãnh	𩲵𫙍
rảnh rang	𣇝烊
rành rọt	炩𤈠
rào rạo	梍梍
ráo riết	𣋝𦄃
rạo rực	𰛴熤
rắp ranh	𫁞𭩹
ráp rạp	𢺎𢺎
rập rình	摺侱
rập rờn	摺涎
rát ruột	𤌣𦛌
rau ráu	𠸫𠸫
rầu rĩ	𱟓㐶
rầy rà	誺𦚐
rầy rật	誺㗚
rề rà	𣾸攞
rẽ ràng	𥘶𤉜
rẽ ròi	𥘶𠛨
rẻ rúng	𱞁佣
rếch rác	藶𧅫
rên rẩm	𫫣𡀫
ren rén	𨅍𨅍
rên rỉ	𫫣𠯇
rền rĩ	𡃚㐶
rèo rẹo	𠮩𠮩
rẹo rọc	𠮩轆
rệu rã	洮沲
rĩ rà rì rầm	㐶攞荑𠽍
rí rách	哩𧛊
rì rầm	荑𠽍
rỉ răng	𠯇𪘵
rì rào	荑滛
ri rí	哩哩
ri rỉ	𠶋𠯇
rí rỏm	哩𠼖
rỉa ráy	𠹼𤀕
rỉa rói	𠹼𩽊
riêng rẽ	𥢆𥘶
riết ráo	𦄃𣋝
riết róng	𦄃弄
rin rít	挒挒
rình rập	侱摺
rít răng	挒𪘵
ríu ra ríu rít	𠲢𫥨𠲢挒
ríu rít	𠲢挒
rờ rẫm	𢮀𢬶
rõ ràng	𤑟𤉜
rỡ ràng	𠒦𤉜
rọ rạy	𥱨𢩽
rõ rệt	𤑟𤍅
rờ rệt	𢮀𤍅
ro ró	𧀓𧀓
rờ rỡ	𠒦𠒦
róc rách	𢮑𧛊
rời rã	𨖨沲
rối ra rối rít	𦇒𫥨𦇒挒
rời rạc	𨖨𫄈
rỗi rãi	𡂳𠸤
rối ren	𦇒褳
rối rít	𦇒挒
rời rợi	灑灑
rơi rớt	淶溧
rơi rụng	淶苚
rối ruột	𦇒𦛌
rôm rả	𩫦𤄷
rơm rớm	滲滲
rộn rã	𡀷沲
rộn ràng	𡀷𦀾
rộn rạo	𡀷𰛴
rón rén	蹾𨅍
rộn rịp	𠾽喋
rờn rợn	囒囒
rôn rốt	噎噎
rơn rớt	𣼸𣼸
rộn rực	𡀷熤
rỗng không	筩空
ròng rã	𠖿沲
rộng rãi	㢅𠸤
ròng rọc	轆轆
rông rổng	𠹍𠹍
rủ rê	𢷀黎
rú rí	𡀿哩
rù rì	㾄荑
rủ rỉ	𢷀𠯇
rù rờ	㾄𢮀
ru rú	𧀓𧀓
rũ rượi	癒洟
rưa rứa	呂呂
rúc ráy	唷𤀕
rúc rỉa	唷𠹼
rúc rích	唷嚦
rục rịch	濁𤃝
rực rỡ	熤𠒦
rủi ro	𢤡𬰹
run cầm cập	憞忣忣
run rẩy	憞𢝚
rún rẩy	𦠆𢝚
rủng ra rủng rỉnh	𬫉𫥨𬫉珵
rung rinh	𢫝揁
rủng rỉnh	𬫉珵
rụng rời	苚𨖨
rùng rợn	挏囒
rừng rú	𡹃𧀓
rung rúc	唷唷
rưng rức	𪵫𪵫
rừng rực	熤熤
rười rượi	洟洟
rườm rà	薝𦳃
rươm rướm	滲滲
rườn rượt	淖淖
ruồng rẫy	拥𧿆
ruột rà	𦛌攞
rút rát	捽𤌣
rụt rè	揬𥗍
rút ruột	捽𦛌
rứt ruột	𢲼𦛌
sa sầm	蹉岑
sa sẩy	蹉𫽎
sã suồng	咤𠼾
sa sút	蹉淬
sắc sảo	銫稍
sặc sỡ	嗾𬾟
sặc sụa	嗾咵
sạch bách	滌迫
sạch sành sanh	滌𡊳栍
sạch sẽ	滌仕
sai sót	差𨔊
sai suyễn	差舛
sâm sẩm	𩅙𩅙
sắm sanh	攕栍
sầm sập	𭰪𭰪
sàm sỡ	謲𬾟
săm sưa	𥊀𫑺
sắm sửa	攕𢯢
sậm sựt	湛叻
sàn sạn	𥖔𥖔
sẵn sàng	𠻿𠳹
san sát	擦擦
săn sắt	瑟瑟
sần sật	栗栗
san sẻ	滻𢩿
sấn sổ	趁擻
săn sóc	𢕸𥉮
sần sùi	莘𥹯
sân sướng	𡑝𡒮
sáng láng	𤏬㫰
sang sáng	𤏬𤏬
sang sảng	𢀨𢀨
sàng sảy	𬕌𢫟
sáng sủa	𤏬𡂡
sành sõi	𡊳誄
sành sỏi	𡊳礌
sạo sục	謅搐
sắp sẵn	𢯛𠻿
sập sè	𭰪茌
sắp sửa	𢯛𢯢
sập sùi	砬𥹯
sát sàn sạt	擦孱呹
sặt sành	湥𡊳
sát sao	擦抄
sát sạt	擦呹
sây sát	傞擦
say sưa	醝𫑺
sệ nệ	䐭泥
se sắt	𤉖瑟
sè sẽ	仕仕
sền sệt	𣻂𣻂
sẻn so	㦃𬧺
sến súa	𣞶咵
sì sụp	嚏𨀎
sít sao	𬿺抄
sơ sài	疏柴
sờ sẫm	𢮀湛
sỗ sàng	𡂡𠳹
sồ sề	粗胒
sợ sệt	𢜝𣻂
sờ soạng	𢮀𪮡
soát sỉnh	詧生
sôi nổi	𤉚浽
sôi sục	𤉚搐
sôi sùng sục	𤉚崇搐
sóm sém	攙𤑯
sờm sỡ	謲𬾟
sòm sọm	攙攙
sơm sớm	𣋽𣋽
sớm sủa	𣋽𡂡
sởn mởn	摌蔓
sớn sác	汕槊
son sẻ	𣘈𢩿
sởn sơ	摌初
sòn sòn	侟侟
sồn sột	𠸂𠸂
sóng sánh	㳥𠁔
sổng sểnh	寵井
sống sít	𤯩𬿺
sóng soài	㳥膗
sõng soài	㳥𣻑
sòng sọc	𪟄𪟄
sống sượng	𤯩𪽄
sóng sượt	㳥𣻑
sốt sắng	焠𤍎
sột soạt	𠸂嚓
sốt sột	焠𠸂
sù sụ	𰈸𰈸
sửa sang	𢯢𨖅
sực nức	𫗾𱕔
súc sắc	劅色
sục sạo	搐謅
sục sôi	搐𤉚
sùi sụt	𥹯泏
sum sê	侺茌
sùm sòa	侺叉
sùm sụp	𨀎𨀎
sừn sựt	栗栗
sưng sỉa	𤷖𨀋
sừng sỏ	𧤁𨯃
sừng sộ	𧤁數
sững sờ	𨄉𣻄
sửng sốt	慡焠
sùng sục	搐搐
sừng sực	𠶗𠶗
sừng sững	𧤁𨄉
suôn sẻ	棆𢩿
sườn sượt	𣻑𣻑
suồng sã	𠼾咤
sượng sùng	𪽄崇
sường sượng	𪽄𪽄
sướt mướt	𣻑滵
sụt sịt	泏哳
sụt sùi	泏𥹯
suy suyển	衰喘
suýt soát	侐詧
tả tơi	𪭥𥯒
tắc tị	塞避
tai tái	𦛍𦛍
tầm tã	潯瀉
tấm tắc	𬌓則
tàm tạm	暫暫
tăm tắp	𠍱𠍱
tắm táp	浸咂
tăm tích	吣跡
tăm tiếng	吣㗂
tam toạng	三臧
tấm tức	𬌓𠺒
tẩn mẩn	賓𢠨
tần ngần	頻垠
tan tành	散啨
tằn tiện	秦賤
tán tỉnh	𠾎省
tang tảng	𣉕𣉕
tằng tịu	𡡑娋
tang tóc	喪𩯀
tanh bành	腥彭
tanh tưởi	腥載
tào lao	曹勞
táo tác	躁作
táo tợn	躁𢣺
tạp nhạp	雜入
tập tành	習啨
tấp tểnh	漝𢜫
tập tễnh	集井
tạp tụng	雜訟
tất tả	㧙𪭥
tất ta tất tưởi	㧙些㧙載
tất tần tật	悉秦疾
tắt tiếng	𤎕㗂
tất tưởi	㧙載
táy máy	𭠣𢵯
tè he	𪷗𡁱
tê mê	痺迷
té re	𪷉提
te tái	呞再
tê tái	痺𦛍
tèm hem	潛嫌
tèm lem	潛濂
tèm nhèm	潛𣲹
tem tép	浹浹
tẽn tò	𢤣𭇓
teng beng	星鋲
tênh hênh	惺亨
tẻo teo	小悄
teo tóp	悄𦚗
tẹp nhẹp	捷叺
tha thiết	他切
tha thứ	赦恕
tha thướt	他𤃧
thắc mắc	忑縸
thắc thỏm	忑㖭
thài lài	䓱𦲒
thàm làm	嗿𫜵
thậm thà thậm thụt	甚咃甚浖
thăm thẳm	瀋瀋
thấm tháp	沁溚
thầm thì	忱時
thấm thía	沁𤀏
thấm thoát	沁脫
thấm thoắt	沁𨁑
thậm thụt	甚浖
thẫn thờ	矧悇
thẩn thơ	訠詩
than vãn	嘆挽
thẳng thắn	𣦎𡁟
thằng thúc	僶促
thanh thản	清坦
thanh thảnh	𨓽𨓽
thanh thoát	清脫
thảnh thơi	𨓽迨
thánh thót	𬉊𪷄
thao láo	操咾
thào lao	㗖嘮
thào thợt	㗖達
thấp tho	隰湫
thập thò	拾𢲬
thấp thoáng	隰洸
thấp thỏm	隰㖭
thật thà	實咃
thất thểu	失吵
thau tháu	艸艸
thay lay	𠊝摛
thay lảy	𠊝攭
thay máy	𠊝𢵯
thè lè	𪮛嚟
the thé	呭呭
thêm thắt	添紩
thèm thuồng	饞𢠆
thèn thẹn	𢢆𢢆
thẹn thò	𢢆𢲬
thẹn thùng	𢢆𢠅
thênh thang	𢉑湯
thèo bẻo	韶表
thều thào	𠻩㗖
thì thầm	時忱
thì thào	時㗖
thì thọt	時𡁾
thì thùng	時桶
thia lia	捿攡
thiêm thiếp	𢜡𢜡
thiết tha	切他
thiệt thòi	折嗺
thin thít	𢗠𢗠
thình lình	𥓉𥘃
thình thịch	磩磩
thỉnh thoảng	請倘
thịt thà	𬚸咃
thò lò	𢲬爐
thớ lợ	𬁼𠐳
thờ ơ	悇㐵
thơ thẩn	詩訠
thờ thẫn	悇矧
thỏ thẻ	兔𠱈
thơ thốt	苴椊
thỏa thê	妥淒
thỏa thuê	妥𠾔
thoai thoải	𢗷𢗷
thoăn thoắt	𨁑𨁑
thoang thoáng	洸洸
thoang thoảng	倘倘
thóc mách	𥟉𠼽
thòi lòi	嗺䋘
thối tha	啐他
thôi thối	啐啐
thoi thóp	梭𡀾
thoi thót	梭𪷄
thồm lồm	偡藍
thòm thèm	啿饞
thơm tho	𦹳湫
thom thỏm	㖭㖭
thom thóp	𡀾𡀾
thỗn thễn	𦛻膳
thỗn thện	𦛻膳
thon thót	𪷄𪷄
thơn thớt	𣘄𣘄
thổn thức	忖𥅞
thon von	𠴘𡻖
thong dong	从容
thòng lọng	𦄷𢃈
thong thả	从抯
thõng thẹo	捅𠻥
thông thống	通通
thu lu	收罏
thù lù	茱瀘
thư thả	舒抯
thừa mứa	剩傌
thừa thãi	剩汰
thua tháy	輸太
thưa thớt	疎𣘄
thừa ưa	乘𢛨
thừa ứa	剩瘀
thực thà	寔咃
thuể thoả	稅妥
thui thủi	蹆蹆
thum thủm	𡂹𡂹
thùm thụp	拾拾
thun lủn	𦀹侖
thung dung	舂容
thúng mủng	𥴗𥶃
thung thăng	舂升
thủng thẳng	𫫴𣦎
thùng thình	桶𥓉
thủng thỉnh	𫫴請
thũng thịu	腫紹
thườn thượt	絬絬
thướt tha	𤃧他
thút nút	𠴫𨨷
thút thít	𠴫𢗠
ti hí	絲咥
tỉ mỉ	細美
tí tách	子㳻
tỉ tê	細犀
tí teo	子悄
tí tẹo	子俏
ti tỉ	絲絲
tí tị	子比
ti toe	絲䏴
tia tía	紫紫
tiệc tùng	席從
tiêu tùng	消從
tim tím	𦻳𦻳
tìm tòi	尋撮
tình hình	情形
tinh tươm	晶瀸
tịt mít	𠾼櫗
tíu tít	嘬㘉
tô hô	蘇呼
tơ lơ mơ	絲𢣻𢠩
tò mò	𭇓摸
tờ mờ	詞𥊚
to tát	𫰅薩
tò te	𭇓呞
tơ tình	絲情
tồ tồ	徂徂
tơ tóc	絲𩯀
to tướng	𫰅相
tơ tưởng	媤想
toang hoang	𫫥荒
toang toác	𫫥嚄
toe toét	䏴𠽌
toen hoẻn	宣宛
tơi bời	𥯒𢱎
tơi tả	𥯒𪭥
tối tăm	𣋁吣
tới tấp	𬧐漝
tom ngỏm	𥿂𦛽
tòm tem	噚𣑷
tòn ten	存鎆
tồng ngồng	宗茙
tong tả	淙𪭥
tong tỏng	淙淙
tóp tép	𦚗浹
trà trộn	搽𢶿
trắc trở	仄阻
trậm trầy trậm trật	站摨站秩
trầm tre	沈𥯌
trầm trồ	沈徂
trằn trọc	𢴟𬴭
trần trụi	陳𪳹
trần trùng trục	陳重逐
trăng trắng	𤽸𤽸
trâng tráo	瞋𥋽
trắng trẻo	𤽸𤽀
trắng trợn	𤽸𥉲
trắng trợt	𤽸跌
tranh vanh	佂儝
trao tráo	𥋽𥋽
tráo trưng	𥋽徵
trập trùng	縶重
trật trà trật trưỡng	秩茶秩傽
trật trệu	秩咷
trật trưỡng	秩傽
trầy trật	摨秩
trầy trụa	摨咮
trễ tràng	𬓐長
trẻ trung	𥘷中
trèo trẹo	𨀽𨀽
trẹo trọ	𨀽住
trẹt lét	澈𥉬
trếu tráo	咷啅
trệu trạo	咷啅
trình trọt	呈𢫖
trĩu trịt	𥾇𦅄
trơ tráo	𥗁𥋽
trọ trẹ	住𠶠
trơ trẽn	𥗁𠹖
trớ trêu	咋嘹
trớ trinh	咋貞
trô trố	𥇻𥇻
trơ trọi	𥗁𪳹
trò trống	𠻀𤿰
trơ trụi	𥗁𪳹
trọc lóc	𬴭𠯿
trộc trệch	濁擲
trọi lỏi	𪳹𨇒
trối trăng	讄𦝄
trọi trơn	𪳹𣹗
tróm trém	簪蘸
tròm trèm	憯怗
trớn trác	磌卓
tròn trặn	圇陣
trộn trạo	𢶿啅
trợn trạo	𥉲啅
tròn trịa	圇治
tròn trĩnh	圇𠸩
tròn trõn	圇圇
trờn trợn	𥉲𥉲
trơn tru	𣹗咮
trợn trừng	𥉲瞪
trống trải	𥧪𱱇
tròng trắng	緟𤽸
tròng trành	緟湩
trống trếnh	𥧪𠰪
trong trẻo	𥪝𤽀
trồng trọt	𣑺𢫖
trợt lớt	跌𣼷
tru tréo	咮𧾿
trù trừ	躊躇
trúc trắc	築仄
trục trặc	軸𨁷
trụi lủi	𪳹𨇒
trùi trũi	𪒽𪒽
trùng trình	重程
trừng trộ	瞪路
trùng trục	𢴊𢴊
tua rua	鬚俞
tua tủa	溑溑
từa tựa	似似
túc tắc	足則
tục tằn	俗秦
tục tĩu	俗剿
tức tối	𠺒𣋁
tức tưởi	𠺒載
tuế toái	歲碎
tuệch toạc	𠻊劐
túi bụi	襊𡏧
tùm hum	𥳍𥵗
tủm tỉm	𠸬噆
túm tụm	縿𥯓
tun hủn	澊滾
tủn mủn	繜𫃐
tưng bừng	熷𤇊
tưng hửng	熷𬋙
tung tăng	縱增
tùng tiệm	從店
tuổi tác	歲作
tươi tắn	鮮晉
tươm tất	瀸悉
tườm tượp	雜雜
tuồn tuột	𨀞𨀞
tuồng luông	㗰㳥
tuốt tuột	剟剟
tuý luý	醉累
ủ rũ	膒癒
ú ụ	𦠲圬
um sùm	喑嚵
um tùm	𠽛𥳍
ừng ực	𠳑𠳑
vá víu	𦀪𬗠
vân vê	紋撝
văn vẻ	文𨤔
vặn vẹo	𢱨𣍅
vấn vít	𦄞𥿀
vằng vặc	爃𤊨
văng vẳng	𦕟𦕟
vắng vẻ	咏𨤔
vành vạnh	鑅鑅
vấp váp	𰸣叭
vất vả	沕𡲤
vặt vãnh	伆𠇟
vấy vá	𦝩𦀪
ve vãn	𬋱晚
vẻ vang	𨤔㘇
ve vẩy	𬋱湋
vẹn vẽ	捖𦘧
vẻn vẹn	捖捖
vênh váo	儝𠾷
vẹo vọ	𣍅鶩
véo von	㧼𡻖
vếu váo	𠶓𠾷
vi vu	喡𭇹
vi vút	喡𱜏
viển vông	遠𣜳
vớ vẩn	𫼻𪷦
võ vàng	㽳傍
vơ váo	噅𠾷
vồ vập	橅及
vỗ về	𢯞𧗱
vờ vịt	𫿒𩿠
vò võ	㽳㽳
vội vã	𫏚𨁱
vội vàng	𫏚傍
vòi vọi	𡸏𡸏
vời vợi	𡸏𡸏
vồn vã	㖹𠳿
vòng vèo	𤥑𨖿
vòng vo	𤥑汙
vu vơ	誣噅
vừa vặn	𣃣𢱨
vui vẻ	𢝙𨤔
vụn vặt	僎伆
vun vút	𢱔𱜏
vùng vằng	摓𭈒
vững vàng	凭傍
vương vấn	𥿁𦄞
vương víu	𥿁𬗠
vuốt ve	𤢇𬋱
xa xăm	賒駸
xa xỉ	奢侈
xa xôi	賒𥸷
xác xơ	殼綀
xấc xược	倬啅
xám xịt	繿哳
xanh xao	青嗃
xào xạc	𡁞𠳗
xao xuyến	嗃紃
xập xè	𭰪茌
xấp xỉ	𢵸齒
xấu xa	醜賒
xâu xé	𦄓扯
xấu xí	醜㖉
xây xẩm	𡏦𭿄
xem xét	䀡察
xênh xang	𫕸唱
xéo xẹo	𬦪仯
xì xào	嚏𡁞
xích mích	斥覓
xinh xắn	𦎡𢷂
xô bồ	搊蒲
xổ số	𢹧數
xơ xác	綀殼
xó xỉnh	𨻬省
xoắn xít	𦀵掇
xoàng xĩnh	侊省
xoay xở	搓處
xốc xếch	㒔𪜻
xối xả	㵊捨
xồm xoàm	𩮕𩰃
xốn xang	吋唱
xôn xao	𠮿嗃
xót xa	㤕賒
xử sự	處事
xúc xắc	劅色
xúc xiểm	促諂
xuề xòa	𣵶汊
xúm xít	𠎊掇
xum xuê	侺茌
xun xoe	𠎄𭇺
xuýt xoát	啜脫
